tier	slug	slot	target_path	url
itch	apocalypse-world	g1	images/systems/apocalypse-world-g1.jpg	https://img.itch.zone/aW1nLzI2Njk0NDIuanBn/original/IGjp5b.jpg
HIGH	call-of-cthulhu	g2	images/systems/call-of-cthulhu-g2.jpg	https://encrypted-tbn0.gstatic.com/images?q=tbn:ANd9GcQ92RstGeZr_fhYgkNO2aiZjI6j4p-kjq6okQ&s
itch	fist	hero	images/systems/fist-hero.png	https://img.itch.zone/aW1nLzMxMjI4NzUucG5n/original/zku5yb.png
itch	fist	g0	images/systems/fist-g0.png	https://img.itch.zone/aW1nLzMxMjI4NzUucG5n/original/zku5yb.png
itch	heart	g3	images/systems/heart-g3.png	https://img.itch.zone/aW1nLzMyNTE2MzgucG5n/original/2W%2BgAK.png
itch	ironsworn	hero	images/systems/ironsworn-hero.jpg	https://img.itch.zone/aW1nLzE3OTgwODguanBn/original/gRDqF5.jpg
itch	ironsworn	g0	images/systems/ironsworn-g0.png	https://img.itch.zone/aW1hZ2UvMzU5NzA3LzE3OTgxMTQucG5n/347x500/4T0Q8w.png
itch	ironsworn	g1	images/systems/ironsworn-g1.png	https://img.itch.zone/aW1hZ2UvMzU5NzA3LzE3OTgxMTUucG5n/347x500/e4qPTQ.png
itch	ironsworn	g2	images/systems/ironsworn-g2.png	https://img.itch.zone/aW1hZ2UvMzU5NzA3LzE3OTgxMTIucG5n/347x500/A9moFn.png
itch	ker-nethalas	hero	images/systems/ker-nethalas-hero.png	https://img.itch.zone/aW1nLzE0OTUyOTYzLnBuZw==/original/SuUuIM.png
itch	ker-nethalas	g0	images/systems/ker-nethalas-g0.jpg	https://img.itch.zone/aW1hZ2UvMjUxNTI2MS8yNjA3NzA4MC5qcGc=/347x500/c4RF8Y.jpg
itch	ker-nethalas	g1	images/systems/ker-nethalas-g1.jpg	https://img.itch.zone/aW1hZ2UvMjUxNTI2MS8xNDk1MjkyOS5qcGc=/347x500/%2F3tKpz.jpg
itch	ker-nethalas	g2	images/systems/ker-nethalas-g2.jpg	https://img.itch.zone/aW1hZ2UvMjUxNTI2MS8xNDk1Mjk1MC5qcGc=/347x500/x9U1UK.jpg
itch	ker-nethalas	g3	images/systems/ker-nethalas-g3.jpg	https://img.itch.zone/aW1hZ2UvMjUxNTI2MS8xNDk1Mjk1Ny5qcGc=/347x500/1BPs3N.jpg
itch	koriko	hero	images/systems/koriko-hero.jpg	https://img.itch.zone/aW1nLzEyNTk3MTMwLmpwZw==/original/Jupq7g.jpg
itch	koriko	g0	images/systems/koriko-g0.png	https://img.itch.zone/aW1hZ2UvMjEzNjgwOS8xMjU5NzE4NC5wbmc=/347x500/RbMZ%2Fd.png
itch	koriko	g1	images/systems/koriko-g1.png	https://img.itch.zone/aW1hZ2UvMjEzNjgwOS8xMjU5NzE4NS5wbmc=/347x500/2%2BGCSI.png
itch	koriko	g2	images/systems/koriko-g2.png	https://img.itch.zone/aW1hZ2UvMjEzNjgwOS8xMjU5NzE4My5wbmc=/347x500/MJC9%2BC.png
itch	lancer	hero	images/systems/lancer-hero.jpg	https://img.itch.zone/aW1nLzI3MzE0ODYuanBn/original/PF05J1.jpg
itch	lancer	g0	images/systems/lancer-g0.jpg	https://img.itch.zone/aW1nLzI3MzE0ODYuanBn/original/PF05J1.jpg
itch	last-tea-shop	hero	images/systems/last-tea-shop-hero.jpg	https://img.itch.zone/aW1nLzY4MzMyNTcuanBn/original/NOvzui.jpg
itch	last-tea-shop	g0	images/systems/last-tea-shop-g0.png	https://img.itch.zone/aW1hZ2UvMTE2NzU4MC83NjkwNjc1LnBuZw==/347x500/KWkPXM.png
itch	last-tea-shop	g1	images/systems/last-tea-shop-g1.png	https://img.itch.zone/aW1hZ2UvMTE2NzU4MC83Njg0MzA3LnBuZw==/347x500/fubDRC.png
itch	last-tea-shop	g2	images/systems/last-tea-shop-g2.png	https://img.itch.zone/aW1hZ2UvMTE2NzU4MC83Njg0MzA1LnBuZw==/347x500/XSOA2A.png
itch	mausritter	g0	images/systems/mausritter-g0.png	https://img.itch.zone/aW1nLzQ1Nzc4OTYucG5n/original/Dnexgj.png
itch	microscope	hero	images/systems/microscope-hero.png	https://img.itch.zone/aW1nLzgzOTE4NjkucG5n/original/hf%2BAZJ.png
HIGH	mythic-bastionland	hero	images/systems/mythic-bastionland-hero.png	https://substackcdn.com/image/fetch/f_auto,q_auto:good,fl_progressive:steep/https%3A%2F%2Fsubstack-post-media.s3.amazonaws.com%2Fpublic%2Fimages%2F6a2f0bf6-1328-488d-a457-aa66a531ca55_1064x566.png
HIGH	mythic-bastionland	g0	images/systems/mythic-bastionland-g0.png	https://substackcdn.com/image/fetch/f_auto,q_auto:good,fl_progressive:steep/https%3A%2F%2Fsubstack-post-media.s3.amazonaws.com%2Fpublic%2Fimages%2F6a2f0bf6-1328-488d-a457-aa66a531ca55_1064x566.png
itch	mythic-bastionland	g2	images/systems/mythic-bastionland-g2.png	https://img.itch.zone/aW1hZ2UvMjY0MjkzMi8xNjA1NzI2NS5wbmc=/original/M5VEoN.png
itch	mythic-bastionland	g3	images/systems/mythic-bastionland-g3.png	https://img.itch.zone/aW1hZ2UvMzM4ODYxNy8yMDIyODgxNS5wbmc=/original/IQzFQ3.png
itch	mythic-bastionland	g4	images/systems/mythic-bastionland-g4.png	https://img.itch.zone/aW1hZ2UvMzM4ODYxNy8yMDIyODgwOC5wbmc=/original/GKDyIn.png
itch	mythic-bastionland	g5	images/systems/mythic-bastionland-g5.png	https://img.itch.zone/aW1hZ2UvMzM4ODYxNy8yMDIyODgwNy5wbmc=/original/n%2BjtLe.png
itch	mythic-bastionland	g6	images/systems/mythic-bastionland-g6.png	https://img.itch.zone/aW1hZ2UvMzM4ODYxNy8yMDIyODk1Mi5wbmc=/original/DrzoXq.png
HIGH	outgunned	g1	images/systems/outgunned-g1.jpg	https://i.pinimg.com/736x/c3/2f/d9/c32fd93ef75f374d83d3519ea822c128.jpg
HIGH	savage-worlds	g1	images/systems/savage-worlds-g1.jpeg	https://substackcdn.com/image/fetch/f_auto,q_auto:good,fl_progressive:steep/https%3A%2F%2Fsubstack-post-media.s3.amazonaws.com%2Fpublic%2Fimages%2Fe16aa245-31d5-4aef-90a8-4f953246b485_845x1098.jpeg
itch	shadowdark	g2	images/systems/shadowdark-g2.png	https://img.itch.zone/aW1nLzE1MDUyMDQwLnBuZw==/original/j6pJeS.png
itch	starforged	g0	images/systems/starforged-g0.jpg	https://img.itch.zone/aW1nLzg1MjM5MjQuanBn/original/3NcS3p.jpg
itch	the-wretched	hero	images/systems/the-wretched-hero.png	https://img.itch.zone/aW1nLzMyNjgzOTMucG5n/original/kYEj5R.png
itch	the-wretched	g0	images/systems/the-wretched-g0.png	https://img.itch.zone/aW1hZ2UvNjE0MjgzLzMyNjgzODkucG5n/347x500/1hYOtq.png
itch	the-wretched	g1	images/systems/the-wretched-g1.jpg	https://img.itch.zone/aW1hZ2UvNjE0MjgzLzQzMTYyMzEuanBn/347x500/p6tHSn.jpg
itch	the-wretched	g2	images/systems/the-wretched-g2.jpg	https://img.itch.zone/aW1hZ2UvNjE0MjgzLzQzMTYyMzIuanBn/347x500/sjWRTo.jpg
itch	thousand-year-old-vampire	hero	images/systems/thousand-year-old-vampire-hero.png	https://img.itch.zone/aW1nLzIwMjQ5MjAxLnBuZw==/original/6JceU8.png
itch	thousand-year-old-vampire	g0	images/systems/thousand-year-old-vampire-g0.png	https://img.itch.zone/aW1hZ2UvNTgyMDAwLzMwNjY0NDcucG5n/347x500/UYjcQP.png
itch	thousand-year-old-vampire	g1	images/systems/thousand-year-old-vampire-g1.png	https://img.itch.zone/aW1hZ2UvNTgyMDAwLzMwNjY0NDMucG5n/347x500/ply7sR.png
itch	thousand-year-old-vampire	g2	images/systems/thousand-year-old-vampire-g2.png	https://img.itch.zone/aW1hZ2UvNTgyMDAwLzMwNjY0NDQucG5n/347x500/ecqbKs.png
itch	triangle	hero	images/systems/triangle-hero.jpg	https://img.itch.zone/aW1nLzE2NTI3MDUyLmpwZw==/original/FIDchU.jpg
itch	triangle	g0	images/systems/triangle-g0.jpg	https://img.itch.zone/aW1nLzIzMTIyMTYzLmpwZw==/original/638fvX.jpg
itch	triangle	g1	images/systems/triangle-g1.png	https://img.itch.zone/aW1nLzIzMTIyMTQzLnBuZw==/original/yIrTaf.png
itch	triangle	g2	images/systems/triangle-g2.png	https://img.itch.zone/aW1nLzIzMTIxOTQ5LnBuZw==/original/%2F%2B9FZ8.png
itch	troika	hero	images/systems/troika-hero.png	https://img.itch.zone/aW1nLzMyMjg4MDkucG5n/original/hYv6Fw.png
itch	troika	g0	images/systems/troika-g0.jpg	https://img.itch.zone/aW1hZ2UvMzkyODUxLzE5NDYwMDAuanBn/original/Wjwgpm.jpg
itch	troika	g1	images/systems/troika-g1.jpg	https://img.itch.zone/aW1hZ2UvMzkyODUxLzE5NDU5OTEuanBn/original/bcfBWl.jpg
itch	troika	g2	images/systems/troika-g2.jpg	https://img.itch.zone/aW1hZ2UvMzkyODUxLzE5NDU5OTMuanBn/original/8w8VYj.jpg
HIGH	uvg	hero	images/systems/uvg-hero.jpeg	https://substackcdn.com/image/fetch/f_auto,q_auto:good,fl_progressive:steep/https%3A%2F%2Fsubstack-post-media.s3.amazonaws.com%2Fpublic%2Fimages%2Fcbd0f960-e54b-438b-a2a2-4021279bba97_1600x900.jpeg
HIGH	uvg	g1	images/systems/uvg-g1.jpg	https://encrypted-tbn0.gstatic.com/images?q=tbn:ANd9GcQ4u2A8fuE6SMEBsYZMJjVNW2EJ8oBkqz0RSQ&s
HIGH	uvg	g2	images/systems/uvg-g2.jpg	https://encrypted-tbn0.gstatic.com/images?q=tbn:ANd9GcQzWazJyHA_IvXOKETmI7XSv--JCCXiGhudOw&s
itch	wildsea	hero	images/systems/wildsea-hero.jpg	https://img.itch.zone/aW1nLzgwNTI1NzYuanBn/original/jf%2BYt%2B.jpg
itch	wildsea	g0	images/systems/wildsea-g0.png	https://img.itch.zone/aW1hZ2UvMTMyNjI2My84MDUxMjgyLnBuZw==/original/tY0wGS.png
itch	wildsea	g1	images/systems/wildsea-g1.png	https://img.itch.zone/aW1hZ2UvMTMyNjI2My84MDUxMjgzLnBuZw==/original/Zti8Xd.png
itch	wildsea	g2	images/systems/wildsea-g2.png	https://img.itch.zone/aW1hZ2UvMTMyNjI2My84MDUxMjg0LnBuZw==/original/jzpDEX.png
itch	wildsea	g3	images/systems/wildsea-g3.png	https://img.itch.zone/aW1hZ2UvMTMyNjI2My84MDUxMjg1LnBuZw==/original/FulxaS.png
itch	wildsea	g4	images/systems/wildsea-g4.png	https://img.itch.zone/aW1hZ2UvMTMyNjI2My84MDUyMjYwLnBuZw==/original/4WEEWR.png
